{
  "id": "example-flow",
  "title": "Example Intake",
  "submitLabel": "Continue",
  "steps": [
    {
      "id": "who",
      "title": "Who is this for?",
      "body": "Choose one.",
      "kind": "single",
      "options": [
        { "id": "self", "label": "For myself", "next": "mode" },
        { "id": "other", "label": "For someone else", "next": "mode" }
      ]
    },
    {
      "id": "mode",
      "title": "Preferred session mode?",
      "kind": "single",
      "options": [
        { "id": "online", "label": "Online", "next": "topics" },
        { "id": "inperson", "label": "In person", "next": "topics" },
        { "id": "either", "label": "Either", "next": "topics" }
      ]
    },
    {
      "id": "topics",
      "title": "What would you like to focus on?",
      "body": "Select any that apply.",
      "kind": "multiple",
      "options": [
        { "id": "anxiety", "label": "Anxiety", "next": "submit" },
        { "id": "relationships", "label": "Relationships", "next": "submit" },
        { "id": "wellbeing", "label": "General wellbeing", "next": "submit" }
      ]
    }
  ]
}


